Variable,Predicted Value
pm25,73.05927173969044
pm10,36.51901568710957
o3,52.23194233808831
no2,23.439262435255714
